Order,Title,Charge,Precursor_Mass,Peptide,Peptide_Type,Linker,Peptide_Mass,Modifications,Evalue,Score,Precursor_Mass_Error(Da),Precursor_Mass_Error(ppm),Proteins,Protein_Type,FileID,LabelID,Alpha_Matched,Beta_Matched,Alpha_Evalue,Beta_Evalue,Alpha_Seq_Coverage,Beta_Seq_Coverage
1,Cas9_HeLa_Cyt_r3.61823.61823.3.0.dta,3,3245.488501,NGYAGYIDGGASQEEFYKFIKPILEK(18)(21),Loop-Linked,DSBSO,3245.505588,null,1.000000e+000,0.976916,-0.017087,-5.264819,sp|CAS9HALO|CAS9_HALO(378)(381)/,None,1,1,74.0,0.0,1.000000e+000,1.000000e+000,0.920000,0.000000
2,Cas9_HeLa_Cyt_r3.45146.45146.3.0.dta,3,3562.521244,YKEIFFDQSKNGYAGYIDGGASQEEFYK(2)(10),Loop-Linked,DSBSO,3562.533978,null,1.000000e+000,0.976597,-0.012734,-3.574422,sp|CAS9HALO|CAS9_HALO(352)(360)/,None,1,1,40.0,0.0,1.000000e+000,1.000000e+000,0.814815,0.000000
3,Cas9_HeLa_Cyt_r3.25589.25589.3.0.dta,3,2082.970534,GKSDNVPSEEVVKKMK(13)(14),Loop-Linked,DSBSO,2082.975492,null,1.000000e+000,0.972046,-0.004958,-2.380249,sp|CAS9HALO|CAS9_HALO(881)(882)/,None,1,1,86.0,0.0,1.000000e+000,1.000000e+000,0.933333,0.000000
4,Cas9_HeLa_Cyt_r3.57474.57474.3.0.dta,3,3405.535561,KSEETITPWNFEEVVDKGASAQSFIER(1)(17),Loop-Linked,DSBSO,3405.549962,null,1.000000e+000,0.972003,-0.014401,-4.228686,sp|CAS9HALO|CAS9_HALO(472)(488)/,None,1,1,69.0,0.0,1.000000e+000,1.000000e+000,0.884615,0.000000
5,Cas9_HeLa_Cyt_r3.35673.35673.3.0.dta,3,2167.075522,VNTEITKAPLSASMIKR(7)(16),Loop-Linked,DSBSO,2167.080620,null,1.000000e+000,0.968862,-0.005098,-2.352474,sp|CAS9HALO|CAS9_HALO(318)(327)/,None,1,1,90.0,0.0,1.000000e+000,1.000000e+000,0.937500,0.000000
6,Cas9_HeLa_Cyt_r3.25920.25920.3.0.dta,3,2082.966373,GKSDNVPSEEVVKKMK(13)(14),Loop-Linked,DSBSO,2082.975492,null,1.000000e+000,0.967940,-0.009119,-4.377872,sp|CAS9HALO|CAS9_HALO(881)(882)/,None,1,1,80.0,0.0,1.000000e+000,1.000000e+000,0.866667,0.000000
7,Cas9_HeLa_Cyt_r3.44137.44137.4.0.dta,4,3411.653699,IEEGIKELGSQILKEHPVENTQLQNEK(6)(14),Loop-Linked,DSBSO,3411.665653,null,1.000000e+000,0.967494,-0.011954,-3.503860,sp|CAS9HALO|CAS9_HALO(793)(801)/,None,1,1,52.0,0.0,1.000000e+000,1.000000e+000,0.884615,0.000000
8,Cas9_HeLa_Cyt_r3.45122.45122.3.0.dta,3,3562.520230,YKEIFFDQSKNGYAGYIDGGASQEEFYK(2)(10),Loop-Linked,DSBSO,3562.533978,null,1.000000e+000,0.965813,-0.013748,-3.859051,sp|CAS9HALO|CAS9_HALO(352)(360)/,None,1,1,27.0,0.0,1.000000e+000,1.000000e+000,0.740741,0.000000
9,Cas9_HeLa_Cyt_r3.44842.44842.3.0.dta,3,2448.217945,VILADANLDKVLSAYNKHR(10)(17),Loop-Linked,DSBSO,2448.226027,null,1.000000e+000,0.962004,-0.008082,-3.301166,sp|CAS9HALO|CAS9_HALO(1293)(1300)/,None,1,1,65.0,0.0,1.000000e+000,1.000000e+000,1.000000,0.000000
10,Cas9_HeLa_Cyt_r3.41285.41285.3.0.dta,3,2604.318478,RVILADANLDKVLSAYNKHR(11)(18),Loop-Linked,DSBSO,2604.327129,null,1.000000e+000,0.961051,-0.008651,-3.321779,sp|CAS9HALO|CAS9_HALO(1293)(1300)/,None,1,1,61.0,0.0,1.000000e+000,1.000000e+000,0.947368,0.000000
11,Cas9_HeLa_Cyt_r3.45175.45175.3.0.dta,3,3562.520974,YKEIFFDQSKNGYAGYIDGGASQEEFYK(2)(10),Loop-Linked,DSBSO,3562.533978,null,1.000000e+000,0.956331,-0.013004,-3.650211,sp|CAS9HALO|CAS9_HALO(352)(360)/,None,1,1,30.0,0.0,1.000000e+000,1.000000e+000,0.740741,0.000000
12,Cas9_HeLa_Cyt_r3.60789.60789.3.0.dta,3,2308.185982,GILQTVKVVDELVKVMGR(7)(14),Loop-Linked,DSBSO,2308.195976,Oxidation[M](16),1.000000e+000,0.956041,-0.009994,-4.329788,sp|CAS9HALO|CAS9_HALO(746)(753)/,None,1,1,40.0,0.0,1.000000e+000,1.000000e+000,0.941176,0.000000
13,Cas9_HeLa_Cyt_r3.28895.28895.3.0.dta,3,1897.850356,SDNVPSEEVVKKMK(11)(12),Loop-Linked,DSBSO,1897.859076,null,1.000000e+000,0.952566,-0.008720,-4.594651,sp|CAS9HALO|CAS9_HALO(881)(882)/,None,1,1,68.0,0.0,1.000000e+000,1.000000e+000,0.923077,0.000000
14,Cas9_HeLa_Cyt_r3.27061.27061.3.0.dta,3,2195.976766,LEESFLVEEDKKHER(11)(12),Loop-Linked,DSBSO,2195.983413,null,1.000000e+000,0.950563,-0.006647,-3.026890,sp|CAS9HALO|CAS9_HALO(115)(116)/,None,1,1,73.0,0.0,1.000000e+000,1.000000e+000,1.000000,0.000000
15,Cas9_HeLa_Cyt_r3.60467.60467.3.0.dta,3,2308.185400,GILQTVKVVDELVKVMGR(7)(14),Loop-Linked,DSBSO,2308.195976,Oxidation[M](16),1.000000e+000,0.948996,-0.010576,-4.581933,sp|CAS9HALO|CAS9_HALO(746)(753)/,None,1,1,70.0,0.0,1.000000e+000,1.000000e+000,0.941176,0.000000
16,Cas9_HeLa_Cyt_r3.23353.23353.3.0.dta,3,1912.900507,MIAKSEQEIGKATAK(4)(11),Loop-Linked,DSBSO,1912.906358,null,1.000000e+000,0.946590,-0.005851,-3.058697,sp|CAS9HALO|CAS9_HALO(1028)(1035)/,None,1,1,70.0,0.0,1.000000e+000,1.000000e+000,1.000000,0.000000
17,Cas9_HeLa_Cyt_r3.54150.54150.3.0.dta,3,2411.206171,FIKPILEKMDGTEELLVK(3)(8),Loop-Linked,DSBSO,2411.215708,null,1.000000e+000,0.946055,-0.009537,-3.955266,sp|CAS9HALO|CAS9_HALO(381)(386)/,None,1,1,43.0,0.0,1.000000e+000,1.000000e+000,0.941176,0.000000
18,Cas9_HeLa_Cyt_r3.63556.63556.3.0.dta,3,2420.283262,KGILQTVKVVDELVKVMGR(8)(15),Loop-Linked,DSBSO,2420.296018,null,1.000000e+000,0.945341,-0.012756,-5.270430,sp|CAS9HALO|CAS9_HALO(746)(753)/,None,1,1,57.0,0.0,1.000000e+000,1.000000e+000,0.944444,0.000000
19,Cas9_HeLa_Cyt_r3.23672.23672.3.0.dta,3,1912.898833,MIAKSEQEIGKATAK(4)(11),Loop-Linked,DSBSO,1912.906358,null,1.000000e+000,0.941786,-0.007525,-3.933805,sp|CAS9HALO|CAS9_HALO(1028)(1035)/,None,1,1,78.0,0.0,1.000000e+000,1.000000e+000,1.000000,0.000000
20,Cas9_HeLa_Cyt_r3.42226.42226.4.0.dta,4,3567.755179,RIEEGIKELGSQILKEHPVENTQLQNEK(7)(15),Loop-Linked,DSBSO,3567.766755,null,1.000000e+000,0.941000,-0.011576,-3.244607,sp|CAS9HALO|CAS9_HALO(793)(801)/,None,1,1,49.0,0.0,1.000000e+000,1.000000e+000,0.925926,0.000000
21,Cas9_HeLa_Cyt_r3.46354.46354.4.0.dta,4,3180.443339,YVNFLYLASHYEKLKGSPEDNEQK(13)(15),Loop-Linked,DSBSO,3180.453889,null,1.000000e+000,0.939294,-0.010550,-3.317137,sp|CAS9HALO|CAS9_HALO(1248)(1250)/,None,1,1,37.0,0.0,1.000000e+000,1.000000e+000,0.739130,0.000000
22,Cas9_HeLa_Cyt_r3.41125.41125.3.0.dta,3,2336.072479,QQLPEKYKEIFFDQSK(6)(8),Loop-Linked,DSBSO,2336.082394,null,1.000000e+000,0.938525,-0.009915,-4.244285,sp|CAS9HALO|CAS9_HALO(350)(352)/,None,1,1,35.0,0.0,1.000000e+000,1.000000e+000,0.933333,0.000000
23,Cas9_HeLa_Cyt_r3.22163.22163.3.0.dta,3,2040.993283,KMIAKSEQEIGKATAK(5)(12),Loop-Linked,DSBSO,2041.001313,null,1.000000e+000,0.937946,-0.008030,-3.934343,sp|CAS9HALO|CAS9_HALO(1028)(1035)/,None,1,1,57.0,0.0,1.000000e+000,1.000000e+000,1.000000,0.000000
24,Cas9_HeLa_Cyt_r3.44476.44476.3.0.dta,3,3411.651679,IEEGIKELGSQILKEHPVENTQLQNEK(6)(14),Loop-Linked,DSBSO,3411.665653,null,1.000000e+000,0.935254,-0.013974,-4.095947,sp|CAS9HALO|CAS9_HALO(793)(801)/,None,1,1,35.0,0.0,1.000000e+000,1.000000e+000,0.692308,0.000000
25,Cas9_HeLa_Cyt_r3.5119.5119.3.0.dta,3,1826.795704,ENQTTQKGQKNSR(7)(10),Loop-Linked,DSBSO,1826.800652,null,1.000000e+000,0.935085,-0.004948,-2.708560,sp|CAS9HALO|CAS9_HALO(776)(779)/,None,1,1,74.0,0.0,1.000000e+000,1.000000e+000,0.916667,0.000000
26,Cas9_HeLa_Cyt_r3.26987.26987.3.0.dta,3,2195.976697,LEESFLVEEDKKHER(11)(12),Loop-Linked,DSBSO,2195.983413,null,1.000000e+000,0.934426,-0.006716,-3.058311,sp|CAS9HALO|CAS9_HALO(115)(116)/,None,1,1,60.0,0.0,1.000000e+000,1.000000e+000,1.000000,0.000000
27,Cas9_HeLa_Cyt_r3.60570.60570.3.0.dta,3,2992.498114,VLPKHSLLYEYFTVYNELTKVK(4)(20),Loop-Linked,DSBSO,2992.508496,null,1.000000e+000,0.928783,-0.010382,-3.469330,sp|CAS9HALO|CAS9_HALO(514)(530)/,None,1,1,55.0,0.0,1.000000e+000,1.000000e+000,0.857143,0.000000
28,Cas9_HeLa_Cyt_r3.33611.33611.3.0.dta,3,2160.994975,TYAHLFDDKVMKQLK(9)(12),Loop-Linked,DSBSO,2161.001313,Oxidation[M](11),1.000000e+000,0.927882,-0.006338,-2.932900,sp|CAS9HALO|CAS9_HALO(650)(653)/,None,1,1,38.0,0.0,1.000000e+000,1.000000e+000,1.000000,0.000000
29,Cas9_HeLa_Cyt_r3.38712.38712.3.0.dta,3,2145.000016,TYAHLFDDKVMKQLK(9)(12),Loop-Linked,DSBSO,2145.006399,null,1.000000e+000,0.927302,-0.006383,-2.975749,sp|CAS9HALO|CAS9_HALO(650)(653)/,None,1,1,51.0,0.0,1.000000e+000,1.000000e+000,0.928571,0.000000
30,Cas9_HeLa_Cyt_r3.51421.51421.3.0.dta,3,2548.196227,DKQSGKTILDFLKSDGFANR(6)(13),Loop-Linked,DSBSO,2548.205684,null,1.000000e+000,0.925609,-0.009457,-3.711239,sp|CAS9HALO|CAS9_HALO(681)(688)/,None,1,1,41.0,0.0,1.000000e+000,1.000000e+000,0.894737,0.000000
31,Cas9_HeLa_Cyt_r3.31065.31065.3.0.dta,3,2313.136165,KTEVQTGGFSKESILPKR(11)(17),Loop-Linked,DSBSO,2313.146386,null,1.000000e+000,0.924736,-0.010221,-4.418657,sp|CAS9HALO|CAS9_HALO(1111)(1117)/,None,1,1,56.0,0.0,1.000000e+000,1.000000e+000,0.941176,0.000000
32,Cas9_HeLa_Cyt_r3.63246.63246.3.1.dta,3,2420.286250,KGILQTVKVVDELVKVMGR(8)(15),Loop-Linked,DSBSO,2420.296018,null,1.000000e+000,0.922496,-0.009768,-4.035870,sp|CAS9HALO|CAS9_HALO(746)(753)/,None,1,1,40.0,0.0,1.000000e+000,1.000000e+000,0.944444,0.000000
33,Cas9_HeLa_Cyt_r3.48758.48758.3.0.dta,3,2281.029643,SSFEKNPIDFLEAKGYK(5)(14),Loop-Linked,DSBSO,2281.040198,null,1.000000e+000,0.922323,-0.010555,-4.627275,sp|CAS9HALO|CAS9_HALO(1180)(1189)/,None,1,1,41.0,0.0,1.000000e+000,1.000000e+000,0.937500,0.000000
34,Cas9_HeLa_Cyt_r3.35236.35236.3.0.dta,3,2507.136598,QEDFYPFLKDNREKIEK(9)(14),Loop-Linked,DSBSO,2507.146778,null,1.000000e+000,0.918821,-0.010180,-4.060393,sp|CAS9HALO|CAS9_HALO(438)(443)/,None,1,1,46.0,0.0,1.000000e+000,1.000000e+000,0.875000,0.000000
35,Cas9_HeLa_Cyt_r3.29228.29228.3.0.dta,3,1897.853479,SDNVPSEEVVKKMK(11)(12),Loop-Linked,DSBSO,1897.859076,null,1.000000e+000,0.917393,-0.005597,-2.949113,sp|CAS9HALO|CAS9_HALO(881)(882)/,None,1,1,54.0,0.0,1.000000e+000,1.000000e+000,0.923077,0.000000
36,Cas9_HeLa_Cyt_r3.39299.39299.3.0.dta,3,3562.525477,YKEIFFDQSKNGYAGYIDGGASQEEFYK(2)(10),Loop-Linked,DSBSO,3562.533978,null,1.000000e+000,0.915006,-0.008501,-2.386223,sp|CAS9HALO|CAS9_HALO(352)(360)/,None,1,1,29.0,0.0,1.000000e+000,1.000000e+000,0.370370,0.000000
37,Cas9_HeLa_Cyt_r3.35777.35777.3.0.dta,3,1933.958866,KVTVKQLKEDYFK(5)(8),Loop-Linked,DSBSO,1933.964860,null,1.000000e+000,0.911275,-0.005994,-3.099332,sp|CAS9HALO|CAS9_HALO(566)(569)/,None,1,1,42.0,0.0,1.000000e+000,1.000000e+000,1.000000,0.000000
38,Cas9_HeLa_Cyt_r3.34273.34273.3.1.dta,3,2185.043917,TEVQTGGFSKESILPKR(10)(16),Loop-Linked,DSBSO,2185.051431,null,1.000000e+000,0.910232,-0.007514,-3.438821,sp|CAS9HALO|CAS9_HALO(1111)(1117)/,None,1,1,56.0,0.0,1.000000e+000,1.000000e+000,0.875000,0.000000
39,Cas9_HeLa_Cyt_r3.35931.35931.3.0.dta,3,1933.958563,KVTVKQLKEDYFK(5)(8),Loop-Linked,DSBSO,1933.964860,null,1.000000e+000,0.907352,-0.006297,-3.256005,sp|CAS9HALO|CAS9_HALO(566)(569)/,None,1,1,47.0,0.0,1.000000e+000,1.000000e+000,1.000000,0.000000
40,Cas9_HeLa_Cyt_r3.42391.42391.3.0.dta,3,1805.866087,VTVKQLKEDYFK(4)(7),Loop-Linked,DSBSO,1805.869904,null,1.000000e+000,0.904363,-0.003817,-2.113663,sp|CAS9HALO|CAS9_HALO(566)(569)/,None,1,1,38.0,0.0,1.000000e+000,1.000000e+000,1.000000,0.000000
41,Cas9_HeLa_Cyt_r3.41951.41951.3.0.dta,3,1805.863321,VTVKQLKEDYFK(4)(7),Loop-Linked,DSBSO,1805.869904,null,1.000000e+000,0.898917,-0.006583,-3.645335,sp|CAS9HALO|CAS9_HALO(566)(569)/,None,1,1,27.0,0.0,1.000000e+000,1.000000e+000,0.909091,0.000000
42,Cas9_HeLa_Cyt_r3.60896.60896.3.0.dta,3,2992.493461,VLPKHSLLYEYFTVYNELTKVK(4)(20),Loop-Linked,DSBSO,2992.508496,null,1.000000e+000,0.898604,-0.015035,-5.024213,sp|CAS9HALO|CAS9_HALO(514)(530)/,None,1,1,30.0,0.0,1.000000e+000,1.000000e+000,0.761905,0.000000
43,Cas9_HeLa_Cyt_r3.40271.40271.3.0.dta,3,2806.286161,KYPKLESEFVYGDYKVYDVR(4)(15),Loop-Linked,DSBSO,2806.298910,null,1.000000e+000,0.894906,-0.012749,-4.542994,sp|CAS9HALO|CAS9_HALO(1007)(1018)/,None,1,1,20.0,0.0,1.000000e+000,1.000000e+000,0.789474,0.000000
44,Cas9_HeLa_Cyt_r3.35438.35438.3.0.dta,3,1933.957243,KVTVKQLKEDYFK(5)(8),Loop-Linked,DSBSO,1933.964860,null,1.000000e+000,0.888671,-0.007617,-3.938541,sp|CAS9HALO|CAS9_HALO(566)(569)/,None,1,1,40.0,0.0,1.000000e+000,1.000000e+000,1.000000,0.000000
45,Cas9_HeLa_Cyt_r3.21640.21640.3.0.dta,3,1669.779385,KMIAKSEQEIGK(1)(5),Loop-Linked,DSBSO,1669.784464,null,1.000000e+000,0.888585,-0.005079,-3.041710,sp|CAS9HALO|CAS9_HALO(1024)(1028)/,None,1,1,54.0,0.0,1.000000e+000,1.000000e+000,0.909091,0.000000
46,Cas9_HeLa_Cyt_r3.53802.53802.3.5.dta,3,3245.502061,NGYAGYIDGGASQEEFYKFIKPILEK(18)(21),Loop-Linked,DSBSO,3245.505588,null,1.000000e+000,0.886117,-0.003527,-1.086734,sp|CAS9HALO|CAS9_HALO(378)(381)/,None,1,1,31.0,0.0,1.000000e+000,1.000000e+000,0.480000,0.000000
47,Cas9_HeLa_Cyt_r3.25193.25193.3.0.dta,3,2562.180205,LKGSPEDNEQKQLFVEQHK(2)(11),Loop-Linked,DSBSO,2562.184949,null,1.000000e+000,0.884863,-0.004744,-1.851545,sp|CAS9HALO|CAS9_HALO(1250)(1259)/,None,1,1,53.0,0.0,1.000000e+000,1.000000e+000,0.833333,0.000000
48,Cas9_HeLa_Cyt_r3.25030.25030.3.0.dta,3,1485.704269,KFKVLGNTDR(1)(3),Loop-Linked,DSBSO,1485.707544,null,1.000000e+000,0.884595,-0.003275,-2.204337,sp|CAS9HALO|CAS9_HALO(35)(37)/,None,1,1,34.0,0.0,1.000000e+000,1.000000e+000,0.888889,0.000000
49,Cas9_HeLa_Cyt_r3.58627.58627.3.0.dta,3,3105.519322,GNELALPSKYVNFLYLASHYEKLK(9)(22),Loop-Linked,DSBSO,3105.531017,null,1.000000e+000,0.883797,-0.011695,-3.765862,sp|CAS9HALO|CAS9_HALO(1235)(1248)/,None,1,1,36.0,0.0,1.000000e+000,1.000000e+000,0.608696,0.000000
50,Cas9_HeLa_Cyt_r3.48813.48813.3.0.dta,3,2281.029577,SSFEKNPIDFLEAKGYK(5)(14),Loop-Linked,DSBSO,2281.040198,null,1.000000e+000,0.872658,-0.010621,-4.656209,sp|CAS9HALO|CAS9_HALO(1180)(1189)/,None,1,1,52.0,0.0,1.000000e+000,1.000000e+000,0.937500,0.000000
51,Cas9_HeLa_Cyt_r3.20212.20212.3.2.dta,3,1796.870104,KKLVDSTDKADLR(1)(2),Loop-Linked,DSBSO,1796.876777,null,1.000000e+000,0.870498,-0.006673,-3.713666,sp|CAS9HALO|CAS9_HALO(144)(145)/,None,1,1,31.0,0.0,1.000000e+000,1.000000e+000,1.000000,0.000000
52,Cas9_HeLa_Cyt_r3.23714.23714.2.0.dta,2,1912.898940,MIAKSEQEIGKATAK(4)(11),Loop-Linked,DSBSO,1912.906358,null,1.000000e+000,0.868595,-0.007418,-3.877869,sp|CAS9HALO|CAS9_HALO(1028)(1035)/,None,1,1,49.0,0.0,1.000000e+000,1.000000e+000,0.928571,0.000000
53,Cas9_HeLa_Cyt_r3.24849.24849.3.0.dta,3,1485.702064,KFKVLGNTDR(1)(3),Loop-Linked,DSBSO,1485.707544,null,1.000000e+000,0.864660,-0.005480,-3.688478,sp|CAS9HALO|CAS9_HALO(35)(37)/,None,1,1,42.0,0.0,1.000000e+000,1.000000e+000,0.888889,0.000000
54,Cas9_HeLa_Cyt_r3.40611.40611.3.0.dta,3,2806.290340,KYPKLESEFVYGDYKVYDVR(4)(15),Loop-Linked,DSBSO,2806.298910,null,1.000000e+000,0.864316,-0.008570,-3.053844,sp|CAS9HALO|CAS9_HALO(1007)(1018)/,None,1,1,25.0,0.0,1.000000e+000,1.000000e+000,0.789474,0.000000
55,Cas9_HeLa_Cyt_r3.20560.20560.3.0.dta,3,1796.871487,KKLVDSTDKADLR(2)(9),Loop-Linked,DSBSO,1796.876777,null,1.000000e+000,0.864158,-0.005290,-2.943997,sp|CAS9HALO|CAS9_HALO(145)(152)/,None,1,1,50.0,0.0,1.000000e+000,1.000000e+000,1.000000,0.000000
56,Cas9_HeLa_Cyt_r3.41940.41940.3.0.dta,3,2517.134725,SDNVPSEEVVKKMKNYWR(11)(14),Loop-Linked,DSBSO,2517.145729,null,1.000000e+000,0.856542,-0.011004,-4.371618,sp|CAS9HALO|CAS9_HALO(881)(884)/,None,1,1,29.0,0.0,1.000000e+000,1.000000e+000,0.823529,0.000000
57,Cas9_HeLa_Cyt_r3.53131.53131.3.2.dta,3,3245.492986,NGYAGYIDGGASQEEFYKFIKPILEK(18)(21),Loop-Linked,DSBSO,3245.505588,null,1.000000e+000,0.856473,-0.012602,-3.882908,sp|CAS9HALO|CAS9_HALO(378)(381)/,None,1,1,35.0,0.0,1.000000e+000,1.000000e+000,0.480000,0.000000
58,Cas9_HeLa_Cyt_r3.17068.17068.3.0.dta,3,2296.033495,SDKNRGKSDNVPSEEVVK(3)(7),Loop-Linked,DSBSO,2296.043045,null,1.000000e+000,0.855023,-0.009550,-4.159330,sp|CAS9HALO|CAS9_HALO(866)(870)/,None,1,1,34.0,0.0,1.000000e+000,1.000000e+000,0.882353,0.000000
59,Cas9_HeLa_Cyt_r3.32925.32925.3.0.dta,3,2476.183093,VKYVTEGMRKPAFLSGEQK(2)(10),Loop-Linked,DSBSO,2476.191951,null,1.000000e+000,0.851118,-0.008858,-3.577267,sp|CAS9HALO|CAS9_HALO(532)(540)/,None,1,1,30.0,0.0,1.000000e+000,1.000000e+000,0.777778,0.000000
60,Cas9_HeLa_Cyt_r3.30211.30211.3.0.dta,3,1741.902721,GYKEVKKDLIIK(6)(7),Loop-Linked,DSBSO,1741.911375,null,1.000000e+000,0.847756,-0.008654,-4.968106,sp|CAS9HALO|CAS9_HALO(1195)(1196)/,None,1,1,35.0,0.0,1.000000e+000,1.000000e+000,0.909091,0.000000
61,Cas9_HeLa_Cyt_r3.36429.36429.4.1.dta,4,2301.099403,TYAHLFDDKVMKQLKR(9)(12),Loop-Linked,DSBSO,2301.107501,null,1.000000e+000,0.846673,-0.008098,-3.519175,sp|CAS9HALO|CAS9_HALO(650)(653)/,None,1,1,46.0,0.0,1.000000e+000,1.000000e+000,0.866667,0.000000
62,Cas9_HeLa_Cyt_r3.18302.18302.3.0.dta,3,2098.960390,GKSDNVPSEEVVKKMK(13)(14),Loop-Linked,DSBSO,2098.970407,Oxidation[M](15),1.000000e+000,0.846131,-0.010017,-4.772340,sp|CAS9HALO|CAS9_HALO(881)(882)/,None,1,1,32.0,0.0,1.000000e+000,1.000000e+000,0.800000,0.000000
63,Cas9_HeLa_Cyt_r3.25524.25524.3.0.dta,3,1947.844018,MNTKYDENDKLIR(4)(10),Loop-Linked,DSBSO,1947.849573,null,1.000000e+000,0.839591,-0.005555,-2.851863,sp|CAS9HALO|CAS9_HALO(946)(952)/,None,1,1,42.0,0.0,1.000000e+000,1.000000e+000,1.000000,0.000000
64,Cas9_HeLa_Cyt_r3.21076.21076.4.2.dta,4,2562.179091,LKGSPEDNEQKQLFVEQHK(2)(11),Loop-Linked,DSBSO,2562.184949,null,1.000000e+000,0.836134,-0.005858,-2.286330,sp|CAS9HALO|CAS9_HALO(1250)(1259)/,None,1,1,37.0,0.0,1.000000e+000,1.000000e+000,0.611111,0.000000
65,Cas9_HeLa_Cyt_r3.41911.41911.3.1.dta,3,1584.795451,EKIEKILTFR(2)(5),Loop-Linked,DSBSO,1584.801104,null,1.000000e+000,0.834086,-0.005653,-3.567009,sp|CAS9HALO|CAS9_HALO(443)(446)/,None,1,1,44.0,0.0,1.000000e+000,1.000000e+000,1.000000,0.000000
66,Cas9_HeLa_Cyt_r3.19617.19617.3.0.dta,3,1823.835202,GKSDNVPSEEVVKK(2)(13),Loop-Linked,DSBSO,1823.840058,null,1.000000e+000,0.829687,-0.004856,-2.662514,sp|CAS9HALO|CAS9_HALO(870)(881)/,None,1,1,50.0,0.0,1.000000e+000,1.000000e+000,0.923077,0.000000
67,Cas9_HeLa_Cyt_r3.44490.44490.3.0.dta,3,2411.217118,FIKPILEKMDGTEELLVK(3)(8),Loop-Linked,DSBSO,2411.215708,null,1.000000e+000,0.826531,0.001410,0.584767,sp|CAS9HALO|CAS9_HALO(381)(386)/,None,1,1,29.0,0.0,1.000000e+000,1.000000e+000,0.705882,0.000000
68,Cas9_HeLa_Cyt_r3.34613.34613.3.0.dta,3,2185.043581,TEVQTGGFSKESILPKR(10)(16),Loop-Linked,DSBSO,2185.051431,null,1.000000e+000,0.824746,-0.007850,-3.592593,sp|CAS9HALO|CAS9_HALO(1111)(1117)/,None,1,1,38.0,0.0,1.000000e+000,1.000000e+000,0.812500,0.000000
69,Cas9_HeLa_Cyt_r3.35923.35923.3.0.dta,3,1933.959094,KVTVKQLKEDYFK(5)(8),Loop-Linked,DSBSO,1933.964860,null,1.000000e+000,0.821281,-0.005766,-2.981440,sp|CAS9HALO|CAS9_HALO(566)(569)/,None,1,1,25.0,0.0,1.000000e+000,1.000000e+000,1.000000,0.000000
70,Cas9_HeLa_Cyt_r3.51522.51522.3.3.dta,3,2548.190959,DKQSGKTILDFLKSDGFANR(6)(13),Loop-Linked,DSBSO,2548.205684,null,1.000000e+000,0.818017,-0.014725,-5.778576,sp|CAS9HALO|CAS9_HALO(681)(688)/,None,1,1,17.0,0.0,1.000000e+000,1.000000e+000,0.684211,0.000000
71,Cas9_HeLa_Cyt_r3.47770.47770.3.5.dta,3,2411.213169,FIKPILEKMDGTEELLVK(3)(8),Loop-Linked,DSBSO,2411.215708,null,1.000000e+000,0.812753,-0.002539,-1.052996,sp|CAS9HALO|CAS9_HALO(381)(386)/,None,1,1,20.0,0.0,1.000000e+000,1.000000e+000,0.764706,0.000000
72,Cas9_HeLa_Cyt_r3.47226.47226.3.2.dta,3,2411.215319,FIKPILEKMDGTEELLVK(3)(8),Loop-Linked,DSBSO,2411.215708,null,1.000000e+000,0.809848,-0.000389,-0.161329,sp|CAS9HALO|CAS9_HALO(381)(386)/,None,1,1,20.0,0.0,1.000000e+000,1.000000e+000,0.764706,0.000000
73,Cas9_HeLa_Cyt_r3.36370.36370.4.0.dta,4,2301.097991,TYAHLFDDKVMKQLKR(9)(12),Loop-Linked,DSBSO,2301.107501,null,1.000000e+000,0.803186,-0.009510,-4.132793,sp|CAS9HALO|CAS9_HALO(650)(653)/,None,1,1,41.0,0.0,1.000000e+000,1.000000e+000,0.866667,0.000000
74,Cas9_HeLa_Cyt_r3.35514.35514.3.0.dta,3,1933.958854,KVTVKQLKEDYFK(5)(8),Loop-Linked,DSBSO,1933.964860,null,1.000000e+000,0.798180,-0.006006,-3.105537,sp|CAS9HALO|CAS9_HALO(566)(569)/,None,1,1,38.0,0.0,1.000000e+000,1.000000e+000,1.000000,0.000000
75,Cas9_HeLa_Cyt_r3.37319.37319.4.0.dta,4,2386.177447,LKTYAHLFDDKVMKQLK(11)(14),Loop-Linked,DSBSO,2386.185413,null,1.000000e+000,0.794931,-0.007966,-3.338383,sp|CAS9HALO|CAS9_HALO(650)(653)/,None,1,1,38.0,0.0,1.000000e+000,1.000000e+000,0.750000,0.000000
76,Cas9_HeLa_Cyt_r3.20394.20394.3.2.dta,3,1796.872372,KKLVDSTDKADLR(2)(9),Loop-Linked,DSBSO,1796.876777,null,1.000000e+000,0.793070,-0.004405,-2.451476,sp|CAS9HALO|CAS9_HALO(145)(152)/,None,1,1,39.0,0.0,1.000000e+000,1.000000e+000,1.000000,0.000000
77,Cas9_HeLa_Cyt_r3.32973.32973.3.0.dta,3,2606.247544,KRPLIETNGETGEIVWDKGR(1)(18),Loop-Linked,DSBSO,2606.258778,null,1.000000e+000,0.792016,-0.011234,-4.310393,sp|CAS9HALO|CAS9_HALO(1063)(1080)/,None,1,1,28.0,0.0,1.000000e+000,1.000000e+000,0.842105,0.000000
78,Cas9_HeLa_Cyt_r3.53484.53484.3.4.dta,3,3245.492542,NGYAGYIDGGASQEEFYKFIKPILEK(18)(21),Loop-Linked,DSBSO,3245.505588,null,1.000000e+000,0.788814,-0.013046,-4.019713,sp|CAS9HALO|CAS9_HALO(378)(381)/,None,1,1,24.0,0.0,1.000000e+000,1.000000e+000,0.360000,0.000000
79,Cas9_HeLa_Cyt_r3.12531.12531.3.0.dta,3,1352.616244,KKDWDPKK(1)(2),Loop-Linked,DSBSO,1352.622425,null,1.000000e+000,0.783059,-0.006181,-4.569642,sp|CAS9HALO|CAS9_HALO(1127)(1128)/,None,1,1,33.0,0.0,1.000000e+000,1.000000e+000,1.000000,0.000000
80,Cas9_HeLa_Cyt_r3.56666.56666.3.6.dta,3,3245.485216,NGYAGYIDGGASQEEFYKFIKPILEK(18)(21),Loop-Linked,DSBSO,3245.505588,null,1.000000e+000,0.779731,-0.020372,-6.276988,sp|CAS9HALO|CAS9_HALO(378)(381)/,None,1,1,24.0,0.0,1.000000e+000,1.000000e+000,0.440000,0.000000
81,Cas9_HeLa_Cyt_r3.30752.30752.3.0.dta,3,2313.135976,KTEVQTGGFSKESILPKR(11)(17),Loop-Linked,DSBSO,2313.146386,null,1.000000e+000,0.778395,-0.010410,-4.500364,sp|CAS9HALO|CAS9_HALO(1111)(1117)/,None,1,1,28.0,0.0,1.000000e+000,1.000000e+000,0.823529,0.000000
82,Cas9_HeLa_Cyt_r3.60494.60494.3.1.dta,3,2308.185538,GILQTVKVVDELVKVMGR(7)(14),Loop-Linked,DSBSO,2308.195976,Oxidation[M](16),1.000000e+000,0.777180,-0.010438,-4.522146,sp|CAS9HALO|CAS9_HALO(746)(753)/,None,1,1,32.0,0.0,1.000000e+000,1.000000e+000,0.882353,0.000000
83,Cas9_HeLa_Cyt_r3.41476.41476.3.0.dta,3,2336.071285,QQLPEKYKEIFFDQSK(6)(8),Loop-Linked,DSBSO,2336.082394,null,1.000000e+000,0.771085,-0.011109,-4.755397,sp|CAS9HALO|CAS9_HALO(350)(352)/,None,1,1,24.0,0.0,1.000000e+000,1.000000e+000,0.800000,0.000000
84,Cas9_HeLa_Cyt_r3.23430.23430.3.0.dta,3,1668.778768,KLVDSTDKADLR(1)(8),Loop-Linked,DSBSO,1668.781821,null,1.000000e+000,0.760161,-0.003053,-1.829478,sp|CAS9HALO|CAS9_HALO(145)(152)/,None,1,1,30.0,0.0,1.000000e+000,1.000000e+000,0.909091,0.000000
85,Cas9_HeLa_Cyt_r3.12833.12833.3.0.dta,3,1352.617234,KKDWDPKK(1)(2),Loop-Linked,DSBSO,1352.622425,null,1.000000e+000,0.757454,-0.005191,-3.837730,sp|CAS9HALO|CAS9_HALO(1127)(1128)/,None,1,1,40.0,0.0,1.000000e+000,1.000000e+000,1.000000,0.000000
86,Cas9_HeLa_Cyt_r3.37494.37494.3.1.dta,3,1933.956379,VTVKQLKEDYFKK(4)(7),Loop-Linked,DSBSO,1933.964860,null,1.000000e+000,0.746038,-0.008481,-4.385292,sp|CAS9HALO|CAS9_HALO(566)(569)/,None,1,1,24.0,0.0,1.000000e+000,1.000000e+000,1.000000,0.000000
87,Cas9_HeLa_Cyt_r3.53716.53716.3.5.dta,3,3245.499865,NGYAGYIDGGASQEEFYKFIKPILEK(18)(21),Loop-Linked,DSBSO,3245.505588,null,1.000000e+000,0.735321,-0.005723,-1.763362,sp|CAS9HALO|CAS9_HALO(378)(381)/,None,1,1,27.0,0.0,1.000000e+000,1.000000e+000,0.440000,0.000000
88,Cas9_HeLa_Cyt_r3.52730.52730.3.1.dta,3,3245.509573,NGYAGYIDGGASQEEFYKFIKPILEK(18)(21),Loop-Linked,DSBSO,3245.505588,null,1.000000e+000,0.729851,0.003985,1.227852,sp|CAS9HALO|CAS9_HALO(378)(381)/,None,1,1,20.0,0.0,1.000000e+000,1.000000e+000,0.360000,0.000000
89,Cas9_HeLa_Cyt_r3.36967.36967.3.0.dta,3,2427.198766,FIKPILEKMDGTEELLVK(3)(8),Loop-Linked,DSBSO,2427.210622,Oxidation[M](9),1.000000e+000,0.723469,-0.011856,-4.884619,sp|CAS9HALO|CAS9_HALO(381)(386)/,None,1,1,29.0,0.0,1.000000e+000,1.000000e+000,0.411765,0.000000
90,Cas9_HeLa_Cyt_r3.18504.18504.3.2.dta,3,2098.959640,GKSDNVPSEEVVKKMK(13)(14),Loop-Linked,DSBSO,2098.970407,Oxidation[M](15),1.000000e+000,0.722159,-0.010767,-5.129658,sp|CAS9HALO|CAS9_HALO(881)(882)/,None,1,1,27.0,0.0,1.000000e+000,1.000000e+000,0.733333,0.000000
91,Cas9_HeLa_Cyt_r3.28928.28928.3.5.dta,3,1913.846348,SDNVPSEEVVKKMK(11)(12),Loop-Linked,DSBSO,1913.853990,Oxidation[M](13),1.000000e+000,0.714836,-0.007642,-3.992990,sp|CAS9HALO|CAS9_HALO(881)(882)/,None,1,1,29.0,0.0,1.000000e+000,1.000000e+000,0.769231,0.000000
92,Cas9_HeLa_Cyt_r3.18773.18773.3.0.dta,3,1764.891988,KLINGIRDKQSGK(1)(9),Loop-Linked,DSBSO,1764.898181,null,1.000000e+000,0.708786,-0.006193,-3.508984,sp|CAS9HALO|CAS9_HALO(669)(677)/,None,1,1,38.0,0.0,1.000000e+000,1.000000e+000,0.833333,0.000000
93,Cas9_HeLa_Cyt_r3.24893.24893.3.0.dta,3,2082.970096,GKSDNVPSEEVVKKMK(2)(14),Loop-Linked,DSBSO,2082.975492,null,1.000000e+000,0.705049,-0.005396,-2.590525,sp|CAS9HALO|CAS9_HALO(870)(882)/,None,1,1,29.0,0.0,1.000000e+000,1.000000e+000,0.733333,0.000000
94,Cas9_HeLa_Cyt_r3.21166.21166.4.1.dta,4,2562.177975,LKGSPEDNEQKQLFVEQHK(2)(11),Loop-Linked,DSBSO,2562.184949,null,1.000000e+000,0.704751,-0.006974,-2.721896,sp|CAS9HALO|CAS9_HALO(1250)(1259)/,None,1,1,26.0,0.0,1.000000e+000,1.000000e+000,0.500000,0.000000
95,Cas9_HeLa_Cyt_r3.36475.36475.3.3.dta,3,2301.105382,TYAHLFDDKVMKQLKR(9)(12),Loop-Linked,DSBSO,2301.107501,null,1.000000e+000,0.702848,-0.002119,-0.920861,sp|CAS9HALO|CAS9_HALO(650)(653)/,None,1,1,26.0,0.0,1.000000e+000,1.000000e+000,0.866667,0.000000
96,Cas9_HeLa_Cyt_r3.44847.44847.3.5.dta,3,2427.211047,FIKPILEKMDGTEELLVK(3)(8),Loop-Linked,DSBSO,2427.210622,Oxidation[M](9),1.000000e+000,0.688866,0.000425,0.175098,sp|CAS9HALO|CAS9_HALO(381)(386)/,None,1,1,18.0,0.0,1.000000e+000,1.000000e+000,0.647059,0.000000
97,Cas9_HeLa_Cyt_r3.43311.43311.3.0.dta,3,2411.205229,FIKPILEKMDGTEELLVK(3)(8),Loop-Linked,DSBSO,2411.215708,null,1.000000e+000,0.686645,-0.010479,-4.345941,sp|CAS9HALO|CAS9_HALO(381)(386)/,None,1,1,25.0,0.0,1.000000e+000,1.000000e+000,0.470588,0.000000
98,Cas9_HeLa_Cyt_r3.34200.34200.3.0.dta,3,2185.042969,TEVQTGGFSKESILPKR(10)(16),Loop-Linked,DSBSO,2185.051431,null,1.000000e+000,0.676356,-0.008462,-3.872678,sp|CAS9HALO|CAS9_HALO(1111)(1117)/,None,1,1,29.0,0.0,1.000000e+000,1.000000e+000,0.812500,0.000000
99,Cas9_HeLa_Cyt_r3.25746.25746.4.3.dta,4,2157.040427,KTEVQTGGFSKESILPK(1)(11),Loop-Linked,DSBSO,2157.045284,null,1.000000e+000,0.672330,-0.004857,-2.251691,sp|CAS9HALO|CAS9_HALO(1101)(1111)/,None,1,1,22.0,0.0,1.000000e+000,1.000000e+000,0.687500,0.000000
100,Cas9_HeLa_Cyt_r3.48175.48175.3.3.dta,3,2427.211779,FIKPILEKMDGTEELLVK(3)(8),Loop-Linked,DSBSO,2427.210622,Oxidation[M](9),1.000000e+000,0.666304,0.001157,0.476679,sp|CAS9HALO|CAS9_HALO(381)(386)/,None,1,1,14.0,0.0,1.000000e+000,1.000000e+000,0.588235,0.000000
101,Cas9_HeLa_Cyt_r3.32625.32625.3.2.dta,3,2183.065030,VNTEITKAPLSASMIKR(7)(16),Loop-Linked,DSBSO,2183.075534,Oxidation[M](14),1.000000e+000,0.654474,-0.010504,-4.811560,sp|CAS9HALO|CAS9_HALO(318)(327)/,None,1,1,28.0,0.0,1.000000e+000,1.000000e+000,0.437500,0.000000
102,Cas9_HeLa_Cyt_r3.34255.34255.3.1.dta,3,2157.042224,KTEVQTGGFSKESILPK(1)(11),Loop-Linked,DSBSO,2157.045284,null,1.000000e+000,0.653084,-0.003060,-1.418607,sp|CAS9HALO|CAS9_HALO(1101)(1111)/,None,1,1,19.0,0.0,1.000000e+000,1.000000e+000,0.750000,0.000000
103,Cas9_HeLa_Cyt_r3.25687.25687.3.1.dta,3,2082.969604,GKSDNVPSEEVVKKMK(13)(14),Loop-Linked,DSBSO,2082.975492,null,1.000000e+000,0.648924,-0.005888,-2.826726,sp|CAS9HALO|CAS9_HALO(881)(882)/,None,1,1,21.0,0.0,1.000000e+000,1.000000e+000,0.800000,0.000000
104,Cas9_HeLa_Cyt_r3.40791.40791.3.0.dta,3,2145.003547,TYAHLFDDKVMKQLK(9)(12),Loop-Linked,DSBSO,2145.006399,null,1.000000e+000,0.647264,-0.002852,-1.329600,sp|CAS9HALO|CAS9_HALO(650)(653)/,None,1,1,20.0,0.0,1.000000e+000,1.000000e+000,0.785714,0.000000
105,Cas9_HeLa_Cyt_r3.14615.14615.3.0.dta,3,1823.832016,GKSDNVPSEEVVKK(2)(13),Loop-Linked,DSBSO,1823.840058,null,1.000000e+000,0.646418,-0.008042,-4.409378,sp|CAS9HALO|CAS9_HALO(870)(881)/,None,1,1,30.0,0.0,1.000000e+000,1.000000e+000,0.692308,0.000000
106,Cas9_HeLa_Cyt_r3.22874.22874.4.4.dta,4,2195.978307,LEESFLVEEDKKHER(11)(12),Loop-Linked,DSBSO,2195.983413,null,1.000000e+000,0.643811,-0.005106,-2.325154,sp|CAS9HALO|CAS9_HALO(115)(116)/,None,1,1,30.0,0.0,1.000000e+000,1.000000e+000,0.642857,0.000000
107,Cas9_HeLa_Cyt_r3.15445.15445.3.4.dta,3,1685.766604,KMIAKSEQEIGK(1)(5),Loop-Linked,DSBSO,1685.779378,Oxidation[M](2),1.000000e+000,0.640088,-0.012774,-7.577504,sp|CAS9HALO|CAS9_HALO(1024)(1028)/,None,1,1,22.0,0.0,1.000000e+000,1.000000e+000,0.909091,0.000000
108,Cas9_HeLa_Cyt_r3.46867.46867.3.8.dta,3,2411.217333,FIKPILEKMDGTEELLVK(3)(8),Loop-Linked,DSBSO,2411.215708,null,1.000000e+000,0.636007,0.001625,0.673934,sp|CAS9HALO|CAS9_HALO(381)(386)/,None,1,1,17.0,0.0,1.000000e+000,1.000000e+000,0.647059,0.000000
109,Cas9_HeLa_Cyt_r3.44203.44203.3.7.dta,3,2427.210315,FIKPILEKMDGTEELLVK(3)(8),Loop-Linked,DSBSO,2427.210622,Oxidation[M](9),1.000000e+000,0.635346,-0.000307,-0.126483,sp|CAS9HALO|CAS9_HALO(381)(386)/,None,1,1,16.0,0.0,1.000000e+000,1.000000e+000,0.588235,0.000000
110,Cas9_HeLa_Cyt_r3.57551.57551.3.1.dta,3,3405.534967,KSEETITPWNFEEVVDKGASAQSFIER(1)(17),Loop-Linked,DSBSO,3405.549962,null,1.000000e+000,0.630660,-0.014995,-4.403107,sp|CAS9HALO|CAS9_HALO(472)(488)/,None,1,1,18.0,0.0,1.000000e+000,1.000000e+000,0.500000,0.000000
111,Cas9_HeLa_Cyt_r3.24546.24546.3.0.dta,3,1896.950662,VPSKKFKVLGNTDR(4)(7),Loop-Linked,DSBSO,1896.955692,null,1.000000e+000,0.628781,-0.005030,-2.651617,sp|CAS9HALO|CAS9_HALO(34)(37)/,None,1,1,23.0,0.0,1.000000e+000,1.000000e+000,0.846154,0.000000
112,Cas9_HeLa_Cyt_r3.35392.35392.4.1.dta,4,2301.099315,TYAHLFDDKVMKQLKR(12)(15),Loop-Linked,DSBSO,2301.107501,null,1.000000e+000,0.624491,-0.008186,-3.557417,sp|CAS9HALO|CAS9_HALO(653)(656)/,None,1,1,32.0,0.0,1.000000e+000,1.000000e+000,0.866667,0.000000
113,Cas9_HeLa_Cyt_r3.34062.34062.3.2.dta,3,2157.037519,KTEVQTGGFSKESILPK(1)(11),Loop-Linked,DSBSO,2157.045284,null,1.000000e+000,0.619041,-0.007765,-3.599832,sp|CAS9HALO|CAS9_HALO(1101)(1111)/,None,1,1,25.0,0.0,1.000000e+000,1.000000e+000,0.875000,0.000000
114,Cas9_HeLa_Cyt_r3.22897.22897.4.4.dta,4,2195.979111,LEESFLVEEDKKHER(11)(12),Loop-Linked,DSBSO,2195.983413,null,1.000000e+000,0.618730,-0.004302,-1.959031,sp|CAS9HALO|CAS9_HALO(115)(116)/,None,1,1,21.0,0.0,1.000000e+000,1.000000e+000,0.642857,0.000000
115,Cas9_HeLa_Cyt_r3.31836.31836.3.0.dta,3,1584.796897,EKIEKILTFR(2)(5),Loop-Linked,DSBSO,1584.801104,null,1.000000e+000,0.597890,-0.004207,-2.654592,sp|CAS9HALO|CAS9_HALO(443)(446)/,None,1,1,30.0,0.0,1.000000e+000,1.000000e+000,0.888889,0.000000
116,Cas9_HeLa_Cyt_r3.33985.33985.3.0.dta,3,2157.035806,KTEVQTGGFSKESILPK(1)(11),Loop-Linked,DSBSO,2157.045284,null,1.000000e+000,0.596546,-0.009478,-4.393974,sp|CAS9HALO|CAS9_HALO(1101)(1111)/,None,1,1,19.0,0.0,1.000000e+000,1.000000e+000,0.750000,0.000000
117,Cas9_HeLa_Cyt_r3.23667.23667.3.0.dta,3,1912.898530,MIAKSEQEIGKATAK(4)(11),Loop-Linked,DSBSO,1912.906358,null,1.000000e+000,0.595139,-0.007828,-4.092202,sp|CAS9HALO|CAS9_HALO(1028)(1035)/,None,1,1,26.0,0.0,1.000000e+000,1.000000e+000,0.857143,0.000000
118,Cas9_HeLa_Cyt_r3.45121.45121.3.0.dta,3,2448.215020,VILADANLDKVLSAYNKHR(10)(17),Loop-Linked,DSBSO,2448.226027,null,1.000000e+000,0.587484,-0.011007,-4.495908,sp|CAS9HALO|CAS9_HALO(1293)(1300)/,None,1,1,17.0,0.0,1.000000e+000,1.000000e+000,0.500000,0.000000
119,Cas9_HeLa_Cyt_r3.41375.41375.4.1.dta,4,2604.318667,RVILADANLDKVLSAYNKHR(11)(18),Loop-Linked,DSBSO,2604.327129,null,1.000000e+000,0.587184,-0.008462,-3.249208,sp|CAS9HALO|CAS9_HALO(1293)(1300)/,None,1,1,19.0,0.0,1.000000e+000,1.000000e+000,0.684211,0.000000
120,Cas9_HeLa_Cyt_r3.70222.70222.3.0.dta,3,2411.203375,FIKPILEKMDGTEELLVK(3)(8),Loop-Linked,DSBSO,2411.215708,null,1.000000e+000,0.586771,-0.012333,-5.114847,sp|CAS9HALO|CAS9_HALO(381)(386)/,None,1,1,20.0,0.0,1.000000e+000,1.000000e+000,0.411765,0.000000
121,Cas9_HeLa_Cyt_r3.53228.53228.3.0.dta,3,3245.493403,NGYAGYIDGGASQEEFYKFIKPILEK(18)(21),Loop-Linked,DSBSO,3245.505588,null,1.000000e+000,0.579216,-0.012185,-3.754423,sp|CAS9HALO|CAS9_HALO(378)(381)/,None,1,1,21.0,0.0,1.000000e+000,1.000000e+000,0.360000,0.000000
122,Cas9_HeLa_Cyt_r3.34558.34558.3.0.dta,3,2185.044127,TEVQTGGFSKESILPKR(10)(16),Loop-Linked,DSBSO,2185.051431,null,1.000000e+000,0.570531,-0.007304,-3.342713,sp|CAS9HALO|CAS9_HALO(1111)(1117)/,None,1,1,19.0,0.0,1.000000e+000,1.000000e+000,0.687500,0.000000
123,Cas9_HeLa_Cyt_r3.29040.29040.3.0.dta,3,1897.851244,SDNVPSEEVVKKMK(11)(12),Loop-Linked,DSBSO,1897.859076,null,1.000000e+000,0.566967,-0.007832,-4.126755,sp|CAS9HALO|CAS9_HALO(881)(882)/,None,1,1,21.0,0.0,1.000000e+000,1.000000e+000,0.692308,0.000000
124,Cas9_HeLa_Cyt_r3.13669.13669.3.0.dta,3,1352.616205,KKDWDPKK(2)(7),Loop-Linked,DSBSO,1352.622425,null,1.000000e+000,0.560831,-0.006220,-4.598475,sp|CAS9HALO|CAS9_HALO(1128)(1133)/,None,1,1,36.0,0.0,1.000000e+000,1.000000e+000,1.000000,0.000000
125,Cas9_HeLa_Cyt_r3.45132.45132.4.3.dta,4,2448.215379,VILADANLDKVLSAYNKHR(10)(17),Loop-Linked,DSBSO,2448.226027,null,1.000000e+000,0.557441,-0.010648,-4.349272,sp|CAS9HALO|CAS9_HALO(1293)(1300)/,None,1,1,25.0,0.0,1.000000e+000,1.000000e+000,0.611111,0.000000
126,Cas9_HeLa_Cyt_r3.39191.39191.4.6.dta,4,2448.228062,VILADANLDKVLSAYNKHR(10)(17),Loop-Linked,DSBSO,2448.226027,null,1.000000e+000,0.557387,0.002035,0.831214,sp|CAS9HALO|CAS9_HALO(1293)(1300)/,None,1,1,16.0,0.0,1.000000e+000,1.000000e+000,0.666667,0.000000
127,Cas9_HeLa_Cyt_r3.46329.46329.3.4.dta,3,2861.340808,LESEFVYGDYKVYDVRKMIAK(11)(17),Loop-Linked,DSBSO,2861.344474,null,1.000000e+000,0.555536,-0.003666,-1.281216,sp|CAS9HALO|CAS9_HALO(1018)(1024)/,None,1,1,14.0,0.0,1.000000e+000,1.000000e+000,0.400000,0.000000
128,Cas9_HeLa_Cyt_r3.34108.34108.3.2.dta,3,2157.038146,KTEVQTGGFSKESILPK(1)(11),Loop-Linked,DSBSO,2157.045284,null,1.000000e+000,0.527965,-0.007138,-3.309156,sp|CAS9HALO|CAS9_HALO(1101)(1111)/,None,1,1,20.0,0.0,1.000000e+000,1.000000e+000,0.750000,0.000000
129,Cas9_HeLa_Cyt_r3.21190.21190.3.0.dta,3,2562.175711,LKGSPEDNEQKQLFVEQHK(2)(11),Loop-Linked,DSBSO,2562.184949,null,1.000000e+000,0.509134,-0.009238,-3.605516,sp|CAS9HALO|CAS9_HALO(1250)(1259)/,None,1,1,18.0,0.0,1.000000e+000,1.000000e+000,0.444444,0.000000
130,Cas9_HeLa_Cyt_r3.35409.35409.4.1.dta,4,2301.099299,TYAHLFDDKVMKQLKR(12)(15),Loop-Linked,DSBSO,2301.107501,null,1.000000e+000,0.492895,-0.008202,-3.564371,sp|CAS9HALO|CAS9_HALO(653)(656)/,None,1,1,12.0,0.0,1.000000e+000,1.000000e+000,0.533333,0.000000
131,Cas9_HeLa_Cyt_r3.59056.59056.3.3.dta,3,2427.208300,FIKPILEKMDGTEELLVK(3)(8),Loop-Linked,DSBSO,2427.210622,Oxidation[M](9),1.000000e+000,0.486286,-0.002322,-0.956654,sp|CAS9HALO|CAS9_HALO(381)(386)/,None,1,1,13.0,0.0,1.000000e+000,1.000000e+000,0.470588,0.000000
132,Cas9_HeLa_Cyt_r3.53201.53201.3.0.dta,3,3245.493700,NGYAGYIDGGASQEEFYKFIKPILEK(18)(21),Loop-Linked,DSBSO,3245.505588,null,1.000000e+000,0.481033,-0.011888,-3.662912,sp|CAS9HALO|CAS9_HALO(378)(381)/,None,1,1,15.0,0.0,1.000000e+000,1.000000e+000,0.240000,0.000000
133,Cas9_HeLa_Cyt_r3.62385.62385.3.5.dta,3,2427.212878,FIKPILEKMDGTEELLVK(3)(8),Loop-Linked,DSBSO,2427.210622,Oxidation[M](9),1.000000e+000,0.480875,0.002256,0.929462,sp|CAS9HALO|CAS9_HALO(381)(386)/,None,1,1,12.0,0.0,1.000000e+000,1.000000e+000,0.470588,0.000000
